y_true_train,y_pred_train
359.511993408203,541.92786
328.865997314453,539.1367
320.510009765625,535.0802
330.079010009766,530.6258
336.18701171875,527.2035
352.940002441406,525.0087
365.026000976562,524.3693
361.56201171875006,525.19727
362.299011230469,526.3184
378.549011230469,527.37177
390.414001464844,529.0269
400.869995117187,531.5738
394.773010253906,534.904
382.555999755859,537.55396
383.757995605469,538.7175
391.441986083984,539.1367
389.545989990234,539.7594
382.84500122070307,540.35474
386.47500610351597,540.32623
383.157989501953,540.2489
358.4169921875,539.9241
358.345001220703,538.2064
347.27099609375,536.14923
354.7040100097661,533.7047
352.989013671875,531.8156
357.618011474609,530.3035
335.591003417969,529.428
345.304992675781,527.8288
338.321014404297,526.7494
325.74899291992193,525.7147
325.891998291016,524.1687
327.553985595703,522.60504
330.492004394531,521.3598
339.485992431641,520.57764
349.290008544922,520.5168
342.415008544922,521.28644
345.488006591797,521.95703
363.264007568359,522.6222
366.924011230469,524.0276
367.695007324219,525.7232
423.561004638672,527.2677
420.734985351563,532.5558
397.817993164062,538.7669
376.132995605469,542.39984
387.881988525391,542.8619
387.407989501953,542.8226
375.19799804687506,542.5317
380.55499267578097,541.1897
357.839996337891,540.01733
350.847991943359,537.8044
352.920013427734,535.11096
367.572998046875,532.8769
376.901000976562,531.9063
375.347991943359,532.03314
368.369995117187,532.5294
369.670013427734,532.7494
376.446990966797,532.71814
375.490997314453,532.9766
378.046997070312,533.3427
379.244995117187,533.79333
381.315002441406,534.19135
375.010009765625,534.6842
369.60400390625,534.8424
376.85400390625,534.526
374.785003662109,534.4838
375.095001220703,534.446
361.908996582031,534.36884
352.218994140625,533.61707
346.364990234375,532.24774
350.506011962891,530.5848
352.5419921875,529.28143
347.376007080078,528.43335
351.631988525391,527.59705
345.345001220703,527.12994
327.06201171875006,526.5437
319.776000976562,525.09045
311.39599609375006,523.14124
317.842987060547,520.8896
329.955993652344,519.163
320.842987060547,518.4744
331.885986328125,517.8666
334.571990966797,517.941
322.533996582031,518.4413
319.007995605469,518.4191
327.924011230469,518.0298
315.863006591797,517.95435
317.239013671875,517.3679
312.670013427734,516.7745
310.736999511719,515.98254
320.192993164062,515.13684
314.248992919922,514.9299
315.032012939453,514.73846
281.082000732422,514.6128
264.195007324219,512.8213
274.473999023437,509.76447
286.188995361328,507.2062
294.337005615234,505.80554
283.348999023437,505.53406
290.407989501953,505.2109
274.795989990234,505.26288
265.660003662109,504.63098
267.795989990234,503.39236
225.860992431641,502.21292
178.10299682617196,499.13248
209.843994140625,493.355
208.09700012206997,488.89072
199.25999450683602,485.57578
210.339004516602,482.81415
214.860992431641,481.37286
211.315002441406,480.93674
226.897003173828,480.7221
233.40600585937503,481.41074
232.878997802734,482.64026
247.84700012207,483.881
253.718002319336,485.65408
273.472991943359,487.60922
263.475006103516,490.3032
233.914993286133,492.27417
233.513000488281,492.32916
226.425003051758,491.61493
217.464004516602,490.20834
226.97200012207003,488.36807
238.22900390625,487.14816
227.268005371094,486.90073
226.85299682617202,486.59543
217.110992431641,486.2887
222.266006469727,485.52872
227.753997802734,484.9803
223.412002563477,484.9387
220.110000610352,484.83304
219.839004516602,484.48746
219.184997558594,484.03995
221.764007568359,483.61746
235.42700195312503,483.44717
257.321014404297,484.06512
234.824996948242,486.06345
233.843002319336,487.15854
243.610000610352,487.62302
236.32600402832,488.22095
240.283004760742,488.44882
243.779006958008,488.70013
244.533996582031,489.1141
235.977005004883,489.53958
238.891998291016,489.4623
238.735000610352,489.3535
237.470001220703,489.2444
236.425994873047,489.12015
253.828002929687,489.01392
254.263000488281,489.7512
260.201995849609,490.70724
275.670013427734,491.88165
281.701995849609,493.80252
273.092010498047,496.01215
276.178009033203,497.53763
272.722991943359,498.73016
276.260986328125,499.39014
274.35400390625,499.9138
289.606994628906,500.20856
291.760009765625,501.1541
296.378997802734,502.3065
294.35400390625,503.63693
285.337005615234,504.7316
281.885009765625,505.1198
286.393005371094,504.9776
290.592987060547,504.90805
285.505004882812,505.0638
256.299011230469,505.00824
260.928009033203,503.3984
261.748992919922,501.67792
260.024993896484,500.20728
267.959991455078,499.0333
266.739990234375,498.55743
245.595001220703,498.39896
246.197006225586,497.28067
248.531997680664,495.96738
247.029006958008,494.8838
252.798004150391,494.00995
242.712997436523,493.6786
247.526000976563,493.0965
244.223999023438,492.6618
247.272003173828,492.19226
253.005004882812,491.95175
254.322006225586,492.19168
253.69700622558597,492.62668
260.597991943359,493.0398
255.49200439453097,493.68304
253.179992675781,494.03973
245.022003173828,494.12207
243.675994873047,493.71542
236.072006225586,493.09332
236.552001953125,492.07278
236.15299987793,491.09457
224.587005615234,490.24518
219.158996582031,489.03796
223.832992553711,487.5892
228.572998046875,486.52377
222.88200378418,486.0103
223.356002807617,485.51962
222.600006103516,485.12885
224.626007080078,484.79834
235.268997192383,484.6088
234.175994873047,485.05933
236.462005615234,485.62473
231.268005371094,486.27747
226.389999389648,486.59128
219.429992675781,486.4613
229.285995483398,485.80048
225.854995727539,485.53128
225.80799865722696,485.33725
236.145004272461,485.18655
232.078994750977,485.5821
234.929992675781,485.92395
240.358001708984,486.35535
239.018005371094,487.04453
236.121002197266,487.66306
229.781997680664,488.00864
237.333999633789,487.83432
243.863006591797,487.86227
241.832000732422,488.27927
240.296005249023,488.71756
242.15800476074202,489.01883
241.11199951171898,489.32037
236.376998901367,489.5131
236.929000854492,489.40472
237.604995727539,489.22235
236.15299987793,489.06128
236.802001953125,488.88177
233.128005981445,488.73856
231.947006225586,488.4225
234.018005371094,488.0527
235.343994140625,487.84354
240.34800720214798,487.809
238.871994018555,488.07312
240.953002929687,488.34015
237.110000610352,488.6797
237.115997314453,488.79126
237.283004760742,488.78665
237.40800476074202,488.75122
237.09599304199202,488.72244
233.345001220703,488.6797
230.19000244140597,488.4402
222.925994873047,488.0009
225.802993774414,487.18414
225.873992919922,486.5013
224.324005126953,485.9958
224.951995849609,485.55475
225.619003295898,485.24457
222.880996704102,485.0501
228.488998413086,484.80368
229.048004150391,484.84988
228.802993774414,485.04794
229.705001831055,485.25766
229.981994628906,485.47458
232.401992797852,485.66644
233.542999267578,485.9234
236.822998046875,486.23862
250.895004272461,486.69592
249.28399658203097,487.85895
249.00700378418,489.03018
244.606002807617,490.0087
245.212005615234,490.52902
243.944000244141,490.8218
246.990005493164,490.91507
244.296005249023,491.075
240.51499938964804,491.0891
242.79899597168,490.8571
243.593994140625,490.68448
250.990005493164,490.60403
249.011001586914,490.95612
257.063995361328,491.35483
263.071990966797,492.11224
258.621002197266,493.19266
255.412002563477,493.9682
256.335998535156,494.3567
260.885986328125,494.56857
271.912994384766,494.92395
269.029998779297,495.8269
266.207000732422,496.66116
270.785003662109,497.188
269.227996826172,497.74863
284.894012451172,498.1806
293.114990234375,499.2685
310.867004394531,500.88812
292.053985595703,503.35983
287.463989257812,504.84387
285.829010009766,505.42825
278.088989257812,505.47058
279.471984863281,504.92935
274.901000976562,504.33777
273.614013671875,503.58093
278.980987548828,502.79703
275.8330078125,502.38608
277.221984863281,502.05
276.049011230469,501.9049
288.278015136719,501.80472
288.696990966797,502.4061
292.686004638672,503.13818
293.623992919922,503.99606
294.427001953125,504.77695
289.589996337891,505.4922
287.721984863281,505.8152
284.649993896484,505.8208
281.601013183594,505.55753
282.614013671875,505.0736
281.226989746094,504.63443
285.217987060547,504.21585
281.881988525391,504.05508
278.576995849609,503.8989
279.584991455078,503.59534
260.997009277344,503.34445
265.0830078125,502.18918
264.470001220703,501.06876
270.385986328125,500.09155
266.376007080078,499.62344
264.079986572266,499.22574
265.679992675781,498.80557
261.550994873047,498.52203
258.506988525391,498.13123
257.976013183594,497.6169
211.078994750977,497.0924
226.68400573730503,494.28012
235.350006103516,491.75412
232.569000244141,490.1584
230.389999389648,489.06775
228.169006347656,488.23105
210.494995117187,487.57278
221.608993530273,486.15454
225.830993652344,485.20987
224.768997192383,484.80945
231.39599609375,484.64694
229.779998779297,484.93164
228.761001586914,485.26157
230.055999755859,485.40793
228.121002197266,485.55576
229.283996582031,485.59723
227.182998657227,485.7557
230.29800415039097,485.73282
235.018997192383,485.78952
239.83999633789102,486.10834
239.84700012207,486.708
243.60699462890597,487.36063
238.167999267578,488.16107
238.477005004883,488.5847
240.106994628906,488.80392
235.22900390625,488.99478
230.511993408203,488.88538
230.643997192383,488.4413
230.304000854492,487.94214
229.091003417969,487.4745
229.809997558594,487.04642
232.975006103516,486.74384
231.49299621582,486.71707
231.212005615234,486.72183
227.085006713867,486.72498
230.61799621582,486.49957
230.28300476074196,486.40128
234.529006958008,486.34802
235.143997192383,486.54248
234.33999633789102,486.81927
232.75700378417997,487.0405
239.141998291016,487.13623
236.686996459961,487.49017
236.059997558594,487.7661
237.54899597167997,487.94244
237.292999267578,488.1254
238.729995727539,488.26587
238.259002685547,488.42377
240.382995605469,488.55548
246.063003540039,488.76102
242.968994140625,489.27042
242.304000854492,489.65518
243.930999755859,489.8983
244.940994262695,490.1125
247.05000305175798,490.3517
245.307998657227,490.66678
249.507995605469,490.8784
251.988998413086,491.2116
254.320007324219,491.68027
262.868988037109,492.24997
270.640014648438,493.19623
261.643005371094,494.54526
263.43701171875,495.40125
269.463012695312,496.0061
266.272003173828,496.71198
274.023010253906,497.18152
276.496002197266,497.88925
281.653991699219,498.71146
283.679992675781,499.70233
285.299987792969,500.7174
293.787994384766,501.66525
304.61801147460903,502.8775
313.85501098632807,504.56073
328.015014648438,506.65436
314.165985107422,509.27606
325.430999755859,510.9881
361.188995361328,512.6303
403.4169921875,515.816
411.56298828125,521.69116
386.35400390625,528.6716
374.470001220703,533.2108
386.481994628906,535.16266
373.368011474609,536.65204
380.256988525391,536.75104
336.819000244141,536.646
311.084014892578,534.20776
338.152008056641,529.86957
336.752990722656,526.76965
332.906005859375,524.82904
320.165985107422,523.5136
330.75100708007807,522.05695
335.093994140625,521.2378
334.589996337891,520.9733
326.148986816406,520.7995
322.022003173828,520.3619
326.927001953125,519.68665
324.536010742188,519.1774
323.045989990234,518.6084
320.045989990234,518.0961
328.205993652344,517.4922
352.683990478516,517.47876
358.04199218749994,518.949
357.381011962891,520.9303
371.294006347656,522.8298
377.32101440429705,525.11176
362.488006591797,527.51843
359.18701171875006,528.7913
361.045989990234,529.2277
363.183013916016,529.37054
388.949005126953,529.4992
388.782989501953,531.05475
395.536010742188,533.03784
415.56298828125,535.5598
417.56298828125,539.7313
415.47900390625,544.3178
451.93798828124994,548.3146
434.997009277344,554.919
433.755004882813,560.20105
444.182006835938,564.1621
465.32101440429705,567.97034
454.93399047851597,573.3436
456.078002929688,577.8605
463.615997314453,581.4975
462.32199096679705,584.9204
442.684997558594,587.8798
438.639007568359,588.3502
436.571990966797,587.2203
442.401000976563,585.2758
454.984985351563,583.68726
455.6530151367189,583.7201
417.273986816406,584.5262
422.822998046875,581.8418
422.278991699219,578.59326
432.983001708984,575.47046
426.619995117188,573.72906
430.566986083984,572.1315
434.33401489257807,571.1966
433.43798828125,571.0358
430.010986328125,571.2657
433.091003417969,571.34357
431.959991455078,571.5452
429.105010986328,571.7626
458.048004150391,571.61444
453.230010986328,573.98804
447.610992431641,576.7582
447.990997314453,578.9125
448.428009033203,580.7023
435.690002441406,582.02075
432.371002197266,581.80585
430.305999755859,580.57416
364.330993652344,578.7042
387.536010742187,571.13544
382.299011230469,563.9137
387.16799926757795,557.3525
380.148986816406,552.29974
420.230010986328,548.17065
410.261993408203,548.24396
382.4920043945311,549.32697
387.490997314453,548.26276
402.971008300781,546.8444
391.726013183594,546.62933
392.153015136719,546.15375
394.971984863281,545.64655
380.289001464844,545.34265
379.473999023437,544.07355
378.255004882813,542.42413
368.766998291016,541.01654
373.055999755859,539.14777
374.447998046875,537.6874
369.949005126953,536.5734
389.593994140625,535.5113
386.549011230469,535.73755
376.522003173828,536.4751
376.619995117187,536.7077
373.44699096679693,536.62823
376.028991699219,536.1901
381.648986816406,535.81055
379.653991699219,535.75195
384.263000488281,535.66876
391.859985351562,536.0118
407.23001098632807,537.18634
400.184997558594,539.7562
407.488006591797,542.0544
416.321990966797,544.5179
422.37298583984403,547.5625
420.7850036621089,551.0584
437.16400146484403,554.11005
438.798004150391,558.1939
437.747985839844,562.3063
420.735992431641,565.9376
424.954986572266,567.22876
424.544006347656,567.7533
432.15200805664097,567.80725
432.519012451172,568.2876
433.503997802734,568.94653
437.696990966797,569.6983
435.122985839844,570.8809
423.989013671875,571.94507
421.651000976563,571.7066
410.938995361328,570.6252
400.570007324219,568.2765
407.707000732422,564.65424
414.321014404297,561.5116
413.971984863281,559.5975
414.859985351563,558.545
417.131011962891,558.40076
421.690002441406,558.6649
411.623992919922,559.47095
414.065002441406,559.4564
416.43798828125,559.30963
416.82998657226597,559.3123
417.010986328125,559.3801
420.62100219726597,559.4396
409.548004150391,560.0048
410.444000244141,559.6021
413.75500488281307,558.9204
413.307006835938,558.50885
418.088989257813,558.1854
418.040985107422,558.3887
416.39401245117205,558.9521
417.17700195312506,559.32025
417.945007324219,559.6636
426.76501464843693,560.007
424.230987548828,561.1387
416.515991210938,562.23895
414.816009521484,562.4953
416.72900390625,562.14136
417.95999145507795,561.7324
420.872985839844,561.4172
420.903991699219,561.46954
421.444000244141,561.7475
424.029998779297,562.2044
423.412994384766,562.8766
422.744995117187,563.485
420.348999023438,563.9078
419.411010742188,564.00116
421.56399536132807,563.83246
422.483001708984,563.7461
425.190002441406,563.75104
423.734008789063,564.10223
424.282012939453,564.453
429.713012695312,564.8473
430.571990966797,565.6956
427.398986816406,566.7222
428.591003417969,567.4018
435.509002685547,567.9381
441.389007568359,569.02527
449.424987792969,570.772
445.736999511719,573.3367
450.282012939453,575.63617
458.554992675781,578.0303
461.425994873047,580.9468
466.088989257813,583.9883
444.68701171875,587.1728
449.010986328125,587.97095
455.096984863281,587.9987
448.317993164063,588.25104
451.875,587.9368
444.669006347656,587.74713
450.303985595703,586.9212
446.7219848632811,586.4555
447.976013183594,585.8098
459.60299682617193,585.42523
458.53601074218693,586.2442
458.54800415039097,587.3926
460.483001708984,588.60516
450.894989013672,589.79956
452.727996826172,589.99316
454.76599121093795,589.862
455.670013427734,589.8482
455.670989990234,589.92926
457.567993164063,589.96625
454.162994384766,590.23236
453.782989501953,590.22015
454.618988037109,590.0634
438.714996337891,589.99457
442.675994873047,588.42737
443.18798828125,586.7341
439.322998046875,585.19434
444.154998779297,583.5448
445.980987548828,582.50354
449.598999023438,582.05615
453.384002685547,582.2952
473.463989257813,583.1894
530.039978027344,586.22754
526.232971191406,595.2301
533.864013671875,605.51965
531.385986328125,615.9123
536.919982910156,624.85657
537.971984863281,632.6318
569.193969726563,639.04877
572.726989746094,647.0927
574.976989746094,655.1602
585.536987304688,662.59174
576.596984863281,669.81635
581.64501953125,675.25037
574.630004882813,679.8618
577.469970703125,682.82074
606.726989746094,684.9502
672.783996582031,689.1737
704.3759765625,700.09644
685.559020996094,715.85974
694.468994140625,730.2127
766.3079833984369,743.13074
748.908996582031,760.72797
756.2269897460939,776.60803
763.781005859375,790.5751
737.2260131835939,802.81
666.651977539063,810.3136
596.116027832031,808.088
623.976989746094,795.03076
665.299011230469,781.198
665.122985839844,772.564
629.367004394531,767.3131
655.275024414063,760.81335
647.0009765625,756.8733
639.8900146484381,753.7381
673.336975097656,750.75323
676.296020507813,751.2976
703.702026367187,753.46277
658.664001464844,758.8951
683.661987304687,760.8193
670.627014160156,763.3349
677.330993652344,764.61163
640.56201171875,765.9707
666.523010253906,763.75073
650.9600219726559,762.48004
649.359985351563,760.2206
647.658996582031,757.7286
664.551025390625,755.34436
654.468017578125,754.77893
658.078002929688,754.1982
663.255004882813,754.0417
660.767028808594,754.4781
679.4589843750001,754.9403
673.106018066406,757.079
672.8640136718751,759.26544
665.684997558594,761.07477
665.012023925781,761.88495
650.619018554688,762.0436
655.5560302734381,760.61285
661.284973144531,758.9833
654.096984863281,758.07275
651.783996582031,756.89575
654.351989746094,755.5297
655.034973144531,754.4343
656.992004394531,753.7031
655.046997070312,753.38477
624.681030273438,753.0957
606.27197265625,749.97455
547.465026855469,744.1352
566.35498046875,732.1654
578.289001464844,720.61566
575.043029785156,711.72034
587.778015136719,704.77954
592.690002441406,700.81165
591.054016113281,699.0782
587.801025390625,698.39404
592.10302734375,697.9693
589.119995117188,698.09595
587.559020996094,698.142
585.588012695313,697.9955
570.473022460938,697.58167
567.239990234375,695.66296
577.439025878906,693.0589
573.216003417969,691.4422
574.317993164063,690.1149
575.630004882813,689.07886
581.697021484375,688.4245
581.307983398438,688.6122
586.752990722656,689.0882
583.414978027344,690.17004
580.182006835938,691.08606
577.760986328125,691.5147
579.651000976563,691.42633
569.947021484375,691.30316
573.911987304688,690.25183
574.106994628906,689.2991
577.502990722656,688.54095
575.471984863281,688.2666
572.302978515625,688.0324
575.536987304688,687.56647
598.211975097656,687.34784
608.6339721679689,689.41986
606.590026855469,693.2617
610.435974121094,697.2821
614.544006347656,701.2764
626.315979003906,705.18744
622.861022949219,709.7226
623.508972167969,713.677
606.718994140625,716.9789
608.2429809570311,718.01526
609.241027832031,718.03723
610.6840209960939,717.68634
607.155029296875,717.34906
606.973022460938,716.7424
605.984008789063,716.07605
609.8740234375,715.3443
609.226989746094,715.0033
608.31201171875,714.8222
597.148986816406,714.67163
596.297973632813,713.4731
602.841979980469,711.85504
602.625,710.82776
600.825988769531,710.1941
608.043029785156,709.6431
606.166015625,709.9251
604.72802734375,710.3349
605.692993164063,710.6235
609.734985351563,710.9102
613.9829711914059,711.5543
610.892028808594,712.68225
612.132995605469,713.6061
610.203979492188,714.44165
612.510986328125,714.9601
613.02099609375,715.4973
617.120971679688,716.0519
619.107971191406,716.92664
616.752014160156,718.0175
618.994018554688,718.8679
641.072021484375,719.7303
636.192016601563,722.5783
636.786010742188,725.53625
640.3779907226561,728.27655
638.6459960937499,730.928
641.630981445313,733.0509
639.192993164063,734.9695
637.960021972656,736.35205
630.52001953125,737.2105
630.856994628906,737.0306
632.828002929687,736.4293
657.2940063476559,735.8947
657.070983886719,737.78076
653.760986328125,740.5201
657.5880126953128,743.04095
678.304016113281,745.5203
688.31298828125,749.60315
689.651000976563,754.92834
714.47900390625,760.326
701.864013671875,767.4883
700.971984863281,773.41156
729.7930297851561,778.0094
740.828979492188,784.2135
688.7000122070311,791.4632
703.234985351563,793.4231
703.418029785156,794.15155
711.52197265625,794.20197
703.130981445313,794.6748
709.848022460938,794.54065
723.2730102539061,794.8128
715.533996582031,796.4955
716.411010742188,797.8432
705.054016113281,798.9849
702.031005859375,798.82214
705.02099609375,797.7397
711.619018554688,796.711
744.197998046875,796.43286
740.976989746094,799.5672
751.585021972656,803.59735
751.616027832031,808.7478
731.026000976563,813.67285
739.247985839844,815.9848
751.3469848632811,817.60156
744.593994140625,819.8771
740.289001464844,821.5229
741.648986816406,822.2795
735.3820190429689,822.718
732.034973144531,822.35016
735.81298828125,821.378
735.6040039062501,820.59265
745.690979003906,819.9491
756.773986816406,820.3995
777.943969726563,822.2761
771.155029296875,826.6626
773.872009277344,831.00037
758.700012207031,835.09863
764.223999023438,837.2023
768.132019042969,838.62384
770.809997558594,839.9117
772.794006347656,841.2896
774.650024414063,842.748
769.731018066406,844.248
780.086975097656,845.14636
780.556030273438,846.65497
781.481018066406,848.2886
778.088012695313,849.8919
784.906982421875,850.9448
790.828979492188,852.2629
790.530029296875,854.0719
792.713989257813,855.9238
800.8759765625,857.7749
834.2810058593749,860.22797
864.539978027344,866.16907
921.9840087890619,876.18744
898.822021484375,892.97
896.182983398438,908.1971
907.609985351563,920.55005
933.197998046875,931.241
975.921020507812,942.57184
973.497009277344,957.3864
961.237976074219,971.7061
963.742980957031,982.7862
998.325012207031,991.2643
1021.75,1001.28595
1043.83996582031,1013.29974
1154.72998046875,1027.4027
1013.38000488281,1054.2247
902.2009887695309,1066.2577
908.585021972656,1058.1929
911.198974609375,1042.5216
902.828002929688,1025.8148
907.679016113281,1009.9408
777.757019042969,997.0377
804.833984375,974.1987
823.984008789063,952.0873
818.411987304688,934.75946
821.7979736328128,921.1667
831.533996582031,911.24286
907.93798828125,905.06824
886.617980957031,909.5143
899.072998046875,915.9742
895.0260009765628,923.25696
921.789001464844,930.17944
924.672973632813,939.0087
921.012023925781,947.59204
892.68701171875,954.5996
901.5419921875,957.0133
917.5859985351561,957.97943
919.75,960.3264
921.5900268554689,962.9579
919.495971679688,965.63763
920.382019042969,967.8271
970.403015136719,969.63165
989.023010253906,976.44653
1011.7999877929699,986.41565
1029.91003417969,999.24084
1042.90002441406,1013.67993
1027.33996582031,1028.7555
1038.15002441406,1040.2529
1061.34997558594,1050.0172
1063.06994628906,1060.5612
994.382995605469,1070.446
988.674011230469,1070.7054
1004.45001220703,1066.0504
999.181030273438,1061.5231
990.642028808594,1057.1041
1004.54998779297,1052.4741
1007.47998046875,1049.8694
1027.43994140625,1048.7035
1046.2099609375,1050.5397
1054.42004394531,1055.793
1047.86999511719,1062.9572
1079.97998046875,1069.2006
1115.30004882813,1078.161
1117.43994140625,1091.4219
1166.71997070313,1105.1763
1173.68005371094,1123.3097
1143.83996582031,1142.2261
1165.19995117188,1155.3757
1179.96997070313,1166.7258
1179.96997070313,1177.6218
1222.5,1187.0184
1251.01000976563,1199.6754
1274.98999023438,1215.76
1255.15002441406,1234.288
1267.11999511719,1249.1853
1272.82995605469,1261.9364
1223.5400390625,1272.8561
1150.0,1275.5293
1188.48999023438,1265.1149
1116.71997070313,1254.8585
1175.82995605469,1237.1716
1221.38000488281,1225.6406
1231.92004394531,1224.1835
1240.0,1228.7598
1249.60998535156,1236.4695
1187.81005859375,1245.8076
1100.22998046875,1246.9832
973.817993164063,1233.5776
1036.73999023438,1200.3674
1054.22998046875,1169.465
1120.5400390625,1145.572
1049.14001464844,1136.1754
1038.58996582031,1126.2207
937.52001953125,1116.2645
972.7789916992191,1095.9285
966.7249755859381,1077.6593
1045.77001953125,1061.5171
1047.15002441406,1056.7723
1039.96997070313,1058.259
1026.43005371094,1061.6484
1071.7900390625,1063.7181
1080.5,1070.5378
1102.17004394531,1079.6371
1143.81005859375,1091.5619
1133.25,1107.787
1124.78002929688,1122.81
1182.68005371094,1134.0221
1176.90002441406,1149.486
1175.94995117188,1163.9812
1187.86999511719,1176.5195
1187.13000488281,1187.6571
1205.01000976562,1196.8821
1200.36999511719,1205.9642
1169.28002929688,1213.458
1167.5400390625,1215.5457
1172.52001953125,1214.826
1182.93994140625,1213.3167
1193.91003417969,1213.041
1211.67004394531,1214.78
1210.2900390625,1219.2307
1229.07995605469,1224.3253
1222.05004882813,1231.441
1231.7099609375,1237.4062
1207.2099609375,1243.3951
1250.15002441406,1245.6616
1265.48999023438,1251.0597
1281.07995605469,1259.1442
1317.72998046875,1269.2756
1316.47998046875,1283.5016
1321.7900390625,1297.776
1347.89001464844,1310.8365
1421.59997558594,1324.7963
1452.8199462890602,1346.2876
1490.08996582031,1372.3402
1537.67004394531,1401.6616
1555.44995117188,1434.5708
1578.80004882813,1467.0015
1596.7099609375,1498.0103
1723.3499755859398,1526.5107
1755.35998535156,1565.7383
1787.13000488281,1608.7504
1848.56994628906,1652.0679
1724.23999023438,1697.4755
1804.91003417969,1723.198
1808.91003417969,1746.1886
1738.43005371094,1765.733
1734.44995117188,1773.0723
1839.08996582031,1773.1348
1888.6500244140602,1782.5979
1987.7099609375,1801.5062
2084.72998046875,1834.332
2041.19995117187,1881.2739
2173.39990234375,1923.715
2320.419921875,1974.527
2443.63989257812,2039.819
2304.97998046875,2118.9358
2202.419921875,2179.1506
2038.86999511719,2208.9177
2155.80004882812,2202.3794
2255.61010742187,2192.5508
2175.46997070312,2195.2039
2286.40991210937,2195.201
2407.8798828125,2207.3328
2488.55004882813,2237.7842
2515.3500976562495,2282.7883
2511.81005859375,2330.6492
2686.81005859375,2373.1797
2863.19995117187,2426.494
2732.15991210937,2490.2732
2805.6201171874995,2538.0635
2823.81005859375,2576.4778
2947.7099609375005,2609.1995
2958.11010742187,2652.3499
2659.6298828125,2698.7666
2717.02001953125,2698.1055
2506.3701171874995,2684.337
2464.580078125,2650.6562
2518.56005859375,2612.243
2655.8798828125,2580.7625
2548.2900390625,2569.1897
2589.60009765625,2559.6758
2721.7900390624995,2556.2734
2689.10009765625,2566.0466
2705.40991210937,2577.8826
2744.90991210937,2590.7861
2608.71997070312,2604.8452
2589.40991210937,2604.8323
2478.44995117187,2596.278
2552.44995117187,2577.7432
2574.7900390625,2561.4758
2539.32006835937,2550.4634
2480.84008789063,2541.4062
2434.55004882812,2528.2605
2506.4699707031205,2509.2922
2564.06005859375,2497.1172
2601.63989257812,2497.3162
2601.98999023437,2507.5945
2608.5600585937505,2520.61
2518.65991210938,2533.275
2571.34008789063,2535.534
2518.43994140625,2536.3965
2372.56005859375,2531.8494
2337.7900390625,2509.6375
2398.84008789062,2479.2444
2357.89990234375,2454.7026
2233.34008789062,2432.2095
1998.85998535156,2398.9094
1929.8199462890598,2336.7988
2228.40991210937,2260.3345
2318.8798828125,2221.74
2273.42993164062,2217.525
2817.60009765625,2224.5337
2667.76000976562,2296.5972
2810.1201171875,2372.5369
2730.39990234375,2447.9636
2754.8601074218705,2505.455
2576.47998046875,2548.7441
2529.44995117187,2566.3994
2671.78002929688,2565.8633
2809.01000976562,2568.1938
2726.4499511718805,2585.4092
2757.17993164062,2601.5645
2875.34008789062,2617.7
2718.26000976562,2642.703
2710.669921875,2650.4412
2804.72998046875,2649.7817
2895.88989257813,2654.8042
3252.9099121093705,2672.1504
3213.93994140625,2746.2908
3378.93994140625,2827.9053
3419.9399414062505,2928.5876
3342.46997070312,3026.399
3381.28002929687,3086.957
3650.6201171875,3128.0059
3884.7099609375,3212.1658
4073.26000976563,3354.4924
4325.1298828125,3535.0698
4181.93017578125,3748.5403
4376.6298828125,3885.8088
4331.68994140625,4004.3152
4160.6201171875,4070.604
4193.7001953125,4054.1655
4087.6599121093805,4015.015
4001.73999023438,3948.0503
4100.52001953125,3866.796
4151.52001953125,3824.939
4334.68017578125,3822.378
4371.60009765625,3883.6672
4352.39990234375,3965.5244
4382.8798828125,4028.1362
4382.66015625,4074.0632
4579.02001953125,4099.8926
4565.2998046875,4161.8613
4703.39013671875,4217.7407
4892.009765625,4291.762
4578.77001953125,4402.7905
4582.9599609375,4414.0103
4236.31005859375,4384.545
4376.52978515625,4253.6016
4597.1201171875,4155.4917
4599.8798828125,4154.538
4228.75,4194.048
4226.06005859375,4141.6216
4122.93994140625,4065.9316
4161.27001953125,3975.1677
4130.81005859375,3913.239
3882.5900878906195,3873.1477
3154.94995117187,3791.2297
3637.5200195312495,3572.8167
3625.0400390624995,3442.2202
3582.8798828125,3373.2764
4065.19995117188,3338.7888
3924.96997070312,3434.572
3905.94995117188,3538.8804
3631.0400390625,3614.3318
3630.6999511718695,3591.1042
3792.39990234375,3532.1965
3682.84008789062,3512.053
3926.07006835938,3486.872
3892.3500976562505,3524.9438
4200.669921875,3573.0913
4174.72998046875,3687.9617
4163.06982421875,3794.031
4338.7099609375,3868.5713
4403.740234375,3951.52
4409.31982421875,4033.75
4317.47998046875,4095.158
4229.35986328125,4107.0376
4328.41015625,4071.6743
4370.81005859375,4051.0886
4426.89013671875,4053.3286
4610.47998046875,4078.527
4772.02001953125,4153.8594
4781.990234375,4270.4116
4826.47998046875,4374.5947
5446.91015625,4457.6694
5647.209960937502,4666.47
5831.790039062501,4926.9224
5678.189941406251,5193.5596
5725.58984375,5345.5054
5605.509765625001,5421.694
5590.68994140625,5404.769
5708.52001953125,5351.519
6011.450195312501,5332.8853
6031.600097656251,5415.644
6008.419921875001,5520.365
5930.319824218752,5594.9297
5526.640136718751,5612.424
5750.799804687501,5478.231
5904.830078125,5403.4194
5780.89990234375,5414.07
5753.08984375,5412.835
6153.850097656251,5401.841
6130.52978515625,5506.0635
6468.399902343751,5620.238
6767.310058593751,5802.763
7078.5,6043.5957
7207.759765625001,6329.025
7379.950195312502,6588.247
7407.410156250001,6812.5747
7022.759765625001,6958.811
7144.379882812501,6884.344
7459.689941406252,6805.2324
7143.580078125,6849.976
6618.140136718751,6808.238
6357.60009765625,6575.1
5950.06982421875,6280.9756
6559.490234375001,5931.727
6635.750000000001,5867.9863
7315.540039062502,5940.9087
7871.68994140625,6240.063
7708.990234375,6697.66
7790.14990234375,7054.231
8036.490234375002,7305.388
8200.639648437502,7509.218
8071.259765625001,7676.3145
8253.5498046875,7710.591
8038.77001953125,7755.8916
8253.690429687502,7693.4214
8790.919921875,7711.1104
9330.549804687502,7919.905
9818.349609375,8303.941
10058.7998046875,8788.805
9888.610351562498,9238.635
10233.599609375,9451.745
10975.599609375,9636.198
11074.599609375,10013.984
11323.2001953125,10330.755
11657.2001953125,10606.796
11916.7001953125,10895.099
14291.500000000002,11165.915
17899.69921875,12155.617
16569.400390625,13886.124
15178.2001953125,15055.763
15455.400390625,14902.202
16936.80078125,14745.458
17415.400390625,15481.3125
16408.19921875,16269.297
16564.0,15983.903
17706.900390625,15705.949
19497.400390625,16287.603
19140.80078125,17628.717
19114.19921875,18296.938
17776.69921875,18306.125
16624.599609375,17003.479
15802.900390625,15531.524
13831.7998046875,14624.774
14699.200195312498,13208.908
13925.7998046875,13151.131
14026.599609375,13035.077
16099.7998046875,13070.712
15838.5,14191.794
14606.5,14917.01
14656.2001953125,14404.003
12952.2001953125,13956.737
14156.400390625,12703.014
13657.200195312498,12726.558
14982.099609375,12772.846
15201.0,13520.764
15599.2001953125,14187.642
17429.5,14709.082
17527.0,15804.083
16477.599609375,16580.977
15170.099609375,16110.012
14595.400390624998,14677.948
14973.2998046875,13687.824
13405.7998046875,13653.559
13980.599609375,12959.871
14360.2001953125,12874.756
13772.000000000002,13173.505
13819.7998046875,13123.039
11490.5,13057.1
11188.599609375,11664.348
11474.900390625,10696.208
11607.400390624998,10449.06
12899.2001953125,10547.133
11600.099609375,11266.8
10931.400390625002,11299.771
10868.400390625,10809.974
11359.400390625002,10417.907
11259.400390625,10431.821
11171.400390625,10500.685
11440.7001953125,10534.535
11786.2998046875,10664.04
11296.400390625,10911.47
10106.2998046875,10855.237
10221.099609375,10150.981
9170.5400390625,9713.049
8830.75,9057.504
9174.91015625,8521.812
8277.009765625002,8378.006
6955.270019531249,8057.2837
7754.000000000001,7327.446
7621.2998046875,7075.619
8265.58984375,6998.102
8736.980468750002,7214.1626
8621.900390625,7618.946
8129.970214843751,7943.7046
8926.570312500002,7950.389
8598.309570312502,8145.0015
9494.629882812502,8203.197
10166.400390625,8511.382
10233.900390625,9010.142
11112.700195312502,9437.379
10551.7998046875,10015.737
11225.2998046875,10195.573
11403.7001953125,10468.945
10690.400390625,10707.315
10005.0,10481.91
10301.099609375,9912.088
9813.0703125,9674.955
9664.73046875,9390.923
10366.7001953125,9166.441
10725.599609375,9329.023
10397.900390624998,9685.911
10951.0,9848.841
11086.400390624998,10120.918
11489.7001953125,10362.114
11512.599609375002,10661.82
11573.2998046875,10855.399
10779.900390625,10958.893
9965.570312499998,10581.37
9395.009765625002,9878.574
9337.5498046875,9181.925
8866.0,8796.058
9578.629882812502,8460.909
9205.1201171875,8547.875
9194.849609375,8600.131
8269.8095703125,8643.325
8300.860351562502,8281.172
8338.349609375002,7983.744
7916.8798828125,7831.688
8223.6796875,7613.153
8630.650390625,7579.822
8913.4697265625,7748.634
8929.2802734375,8031.0103
8728.4697265625,8271.164
8879.6201171875,8341.861
8668.1201171875,8392.321
8495.7802734375,8315.232
8209.400390625,8161.2
7833.0400390625,7929.369
7954.47998046875,7621.194
7165.7001953125,7468.006
6890.520019531251,7117.7803
6973.529785156251,6755.231
6844.22998046875,6551.039
7083.799804687501,6423.3853
7456.10986328125,6442.7676
6853.839843750001,6620.559
6811.470214843751,6609.0723
6636.319824218751,6534.981
6911.089843750001,6402.7227
7023.520019531249,6389.4004
6770.729980468751,6448.1206
6834.759765625,6430.0156
6968.319824218751,6419.186
7889.250000000001,6458.775
7895.959960937501,6775.83
7986.240234375,7105.8633
8329.1103515625,7375.5703
8058.669921875,7650.713
7902.089843750001,7733.1133
8163.419921875001,7658.0195
8294.309570312502,7657.7866
8845.830078125,7713.9487
8895.580078125,7951.2573
8802.4599609375,8188.7837
8930.8798828125,8320.603
9697.5,8416.099
8845.740234375,8731.195
9281.509765625,8655.607
8987.0498046875,8689.344
9348.48046875,8603.937
9419.080078125002,8664.476
9240.549804687502,8765.178
9119.009765625002,8770.997
9235.919921875,8697.16
9743.8603515625,8681.9795
9700.759765624998,8866.947
9858.150390625,9027.207
9654.799804687502,9192.397
9373.009765625,9209.626
9234.8203125,9050.377
9325.1796875,8849.545
9043.9404296875,8758.256
8441.490234375002,8612.968
8504.889648437502,8271.521
8723.940429687502,8053.5527
8716.7900390625,8031.3916
8510.379882812502,8077.419
8368.830078125,8058.821
8094.31982421875,7975.7397
8250.9697265625,7799.319
8247.1796875,7729.2095
8513.25,7711.8115
8418.990234375,7810.4297
8041.779785156251,7882.257
7557.81982421875,7775.1924
7587.339843750001,7475.6514
7480.140136718751,7248.28
7355.8798828125,7083.357
7368.220214843751,6954.435
7135.990234375001,6891.107
7472.589843750001,6790.9985
7406.520019531249,6832.937
7494.169921875,6888.806
7541.450195312501,6964.7627
7643.4501953125,7036.7983
7720.250000000001,7118.406
7514.47021484375,7199.6533
7633.759765625001,7174.009
7653.979980468749,7170.262
7678.240234374999,7178.8535
7624.919921875,7195.6797
7531.979980468751,7189.4795
6786.02001953125,7144.1895
6906.919921875,6833.4473
6582.359863281251,6606.4917
6349.89990234375,6367.465
6675.35009765625,6133.4287
6456.580078125,6084.4927
6550.160156250001,6045.795
6499.27001953125,6061.2793
6734.81982421875,6074.0576
6769.939941406251,6158.6323
6776.549804687499,6254.6245
6729.740234375001,6326.0815
6083.68994140625,6348.257
6162.479980468751,6130.695
6173.229980468752,5937.5645
6249.180175781249,5814.6953
6093.669921875001,5780.1147
6157.1298828125,5736.16
5903.439941406251,5727.819
6218.299804687499,5654.485
6404.0,5684.0713
6385.81982421875,5791.7305
6614.180175781251,5895.3413
6529.589843750001,6036.3384
6597.5498046875,6117.6245
6639.14013671875,6175.738
6673.500000000001,6218.129
6856.93017578125,6249.8823
6773.879882812501,6327.8804
6741.750000000001,6365.2505
6329.9501953125,6365.4634
6394.709960937502,6214.5303
6228.810058593752,6089.7817
6238.0498046875,5956.6304
6276.120117187499,5869.196
6359.64013671875,5837.2324
6741.750000000001,5862.73
7321.0400390625,6011.489
7370.779785156251,6330.724
7466.85986328125,6642.6045
7354.1298828125,6895.791
7419.290039062502,7006.594
7418.490234375001,7048.2114
7711.109863281252,7043.704
8424.26953125,7119.6226
8181.390136718751,7417.933
7951.580078125,7623.6465
8165.009765625,7648.4697
8192.150390625,7687.9473
8218.459960937502,7715.4814
8180.479980468751,7734.806
7780.43994140625,7726.3794
7624.910156250001,7557.9014
7567.14990234375,7352.348
7434.39013671875,7192.392
7032.850097656251,7054.6387
7068.479980468751,6830.778
6951.799804687499,6680.805
6753.1201171875,6566.276
6305.799804687501,6437.1606
6568.22998046875,6200.7007
6184.7099609375,6104.0454
6295.729980468752,5953.987
6322.68994140625,5878.997
6297.56982421875,5862.3945
6199.709960937501,5864.5474
6308.52001953125,5843.2505
6334.729980468751,5857.699
6580.6298828125,5888.586
6423.759765625,5990.5967
6506.069824218751,6036.767
6308.529785156251,6077.57
6488.759765625,6037.508
6376.709960937501,6041.8833
6534.879882812501,6020.018
6719.9599609375,6050.138
6763.18994140625,6143.2993
6707.259765625,6245.7925
6884.640136718751,6299.394
7096.279785156251,6379.354
7047.16015625,6505.781
6978.229980468751,6590.5933
7037.580078125001,6609.473
7193.25,6619.338
7272.72021484375,6674.7827
7260.060058593751,6750.5244
7361.66015625,6801.8193
6792.830078125,6863.998
6529.169921875001,6702.4546
6467.069824218751,6443.3535
6225.979980468752,6222.37
6300.85986328125,6005.609
6329.7001953125,5889.0835
6321.200195312501,5853.8696
6351.799804687502,5857.9956
6517.310058593751,5887.3716
6512.709960937501,5970.3105
6543.200195312501,6046.1885
6517.18017578125,6105.4136
6281.200195312501,6129.7876
6371.2998046875,6055.859
6398.5400390625,6004.15
6519.669921875002,5982.327
6734.950195312502,6018.0093
6721.97998046875,6126.308
6710.6298828125,6225.7827
6595.410156250001,6287.3135
6446.47021484375,6276.502
6495.000000000001,6194.569
6676.75,6132.029
6644.1298828125,6154.0884
6601.9599609375,6185.085
6625.56005859375,6196.8853
6589.620117187501,6206.9116
6556.10009765625,6201.218
6502.58984375,6181.155
6576.68994140625,6144.781
6622.47998046875,6140.2627
6588.31005859375,6161.6514
6602.9501953125,6173.017
6652.22998046875,6183.4424
6642.640136718751,6207.005
6585.529785156249,6222.956
6256.240234375,6212.335
6274.580078125001,6087.17
6285.990234375002,5974.202
6290.93017578125,5903.896
6596.540039062501,5872.084
6596.109863281252,5955.9517
6544.430175781251,6059.75
6476.709960937499,6123.625
6465.41015625,6131.5957
6489.189941406251,6113.6504
6482.350097656251,6098.7407
6487.16015625,6086.153
6475.740234375001,6079.2056
6495.83984375,6073.3076
6476.2900390625,6076.4067
6474.750000000001,6075.0596
6480.379882812501,6073.1523
6486.390136718751,6073.14
6332.6298828125,6075.6387
6334.270019531251,6027.3833
6317.609863281251,5979.7437
6377.779785156252,5941.844
6388.439941406251,5939.2266
6361.259765625,5952.8154
6376.1298828125,5959.3535
6419.660156250001,5967.109
6461.009765625,5986.965
6530.14013671875,6017.829
6453.720214843751,6065.122
6385.6201171875,6076.7856
6409.22021484375,6050.434
6411.270019531251,6027.8394
6371.270019531251,6013.463
6359.490234375001,5993.2856
5738.350097656251,5974.397
5648.029785156251,5761.6616
5575.549804687501,5531.1646
5554.330078125,5341.8604
5623.5400390625,5220.687
4871.490234375,5183.5093
4451.8701171875,4966.0435
4602.169921875,4639.281
4365.93994140625,4410.498
4347.10986328125,4221.4673
3880.76000976563,4098.3926
4009.96997070313,3918.076
3779.1298828125005,3794.6538
3820.71997070312,3674.1213
4257.419921875,3595.0088
4278.8466796875,3654.1318
4017.2685546875,3771.9124
4214.671875,3818.614
4139.8779296875,3870.2039
3894.130859375,3891.7676
3956.89379882812,3832.251
3753.99487304687,3772.971
3521.1018066406295,3679.7644
3419.93725585937,3552.7493
3476.11474609375,3424.5195
3614.2343749999995,3334.953
3502.6560058593795,3306.3179
3424.58813476562,3288.585
3486.9501953125,3265.4346
3313.67724609375,3256.5945
3242.48486328125,3225.0051
3236.76171875,3181.5073
3252.83911132813,3141.7776
3545.8647460937505,3114.181
3696.05908203125,3148.1128
3745.95068359375,3238.3718
4134.44140625,3346.617
3896.54370117187,3528.6987
4014.1826171875,3638.8113
3998.98022460937,3719.2031
4078.59912109375,3762.1277
3815.49072265625,3797.3818
3857.29760742187,3754.8782
3654.83349609375,3699.9941
3923.91870117187,3605.3745
3820.40869140625,3582.9824
3865.95263671875,3571.4194
3742.7004394531305,3578.1807
3843.52001953125,3561.745
3943.40942382812,3563.265
3836.7412109375,3597.4646
3857.71752929687,3610.464
3845.19458007812,3615.938
4076.6325683593795,3614.1174
4025.24829101563,3666.4644
4030.8479003906295,3715.7275
4035.29638671875,3751.965
3678.92456054687,3774.2422
3687.36547851563,3698.0808
3661.30102539062,3601.7083
3552.953125,3517.514
3706.05224609375,3437.911
3630.67529296875,3409.6523
3655.0068359375,3395.5212
3678.56396484375,3395.2014
3657.83935546875,3406.7932
3728.568359375,3416.0474
3601.013671875,3439.2397
3576.03247070312,3432.4717
3604.5771484375,3408.046
3585.123046875,3389.7798
3600.86547851562,3374.0063
3599.76586914062,3366.3096
3602.46044921875,3364.514
3583.9658203125,3365.826
3470.4504394531205,3364.0095
3448.11694335937,3337.7627
3486.181640625,3303.8982
3457.79272460938,3281.7146
3487.9453125,3264.6865
3521.06079101562,3259.5667
3464.0134277343695,3267.9
3459.15405273437,3267.857
3466.357421875,3263.1216
3413.76782226562,3259.1204
3399.4716796875,3247.0217
3666.7802734375,3232.0024
3671.2036132812495,3272.3823
3690.18823242187,3333.8706
3648.4306640625005,3392.7095
3653.5285644531205,3424.6433
3632.0705566406205,3438.223
3616.880859375,3435.5288
3620.81079101562,3423.0728
3629.78759765625,3410.4531
3673.83618164062,3402.8623
3915.71435546875,3409.4856
3947.09448242188,3478.6663
3999.82055664062,3565.4192
3954.1181640625,3649.9321
4005.52661132813,3700.2263
4142.52685546875,3735.7156
3810.42749023437,3789.0505
3882.6962890625,3753.907
3854.3579101562495,3708.2273
3851.04736328125,3662.9653
3854.78540039062,3628.8423
3859.58374023437,3608.8486
3864.4150390625,3600.9128
3847.17578125,3601.3782
3761.55712890625,3601.4678
3896.375,3580.2656
3903.9426269531305,3588.1074
3911.484375,3608.5442
3901.13159179687,3631.2864
3963.31372070313,3646.8481
3951.59985351562,3669.5886
3905.22729492187,3686.526
3909.1562500000005,3686.0366
3906.71728515625,3678.8213
3924.369140625,3670.0774
3960.9111328125,3667.4102
4048.72583007812,3676.9333
4025.22900390625,3710.832
4032.50732421875,3740.0425
4071.1901855468805,3761.6167
4087.47631835938,3783.879
4029.32690429688,3804.3293
4023.96826171875,3804.1367
4035.82641601563,3794.1238
4022.16821289063,3785.565
3963.07055664062,3776.1562
3985.0808105468705,3754.2139
4087.0661621093795,3738.1877
4069.10717773437,3754.164
4098.37451171875,3775.0198
4106.66015625,3799.8735
4105.404296875,3821.7288
4158.18310546875,3835.946
4879.877929687501,3856.752
4973.02197265625,4042.7717
4922.798828125,4281.703
5036.68115234375,4475.5405
5059.817382812501,4629.97
5198.896972656251,4730.408
5289.77099609375,4817.5474
5204.958496093751,4897.3247
5324.551757812502,4923.872
5064.487792968749,4955.779
5089.5390625,4901.824
5096.586425781252,4840.0493
5167.72216796875,4793.259
5067.108398437501,4785.627
5235.5595703125,4765.663
5251.93798828125,4795.237
5298.385742187501,4838.8193
5303.8125,4889.255
5337.88623046875,4929.68
5314.53125,4964.6577
5399.365234375,4979.8203
5572.362304687501,5008.0317
5464.86669921875,5081.92
5210.515625,5118.583
5279.34814453125,5055.9893
5268.291015625,4997.633
5285.13916015625,4952.1562
5247.352539062502,4929.866
5350.726562500001,4911.284
5402.697265625,4930.557
5505.283691406251,4972.8774
5768.289550781251,5042.235
5831.16748046875,5174.9683
5795.708496093751,5315.8833
5746.807128906249,5406.3096
5829.50146484375,5435.454
5982.45751953125,5457.32
6174.528808593751,5514.697
6378.84912109375,5622.367
7204.771484375001,5775.91
6972.37158203125,6129.5977
7814.9150390625,6399.307
7994.416015625001,6814.191
8205.16796875,7215.0537
7884.909179687501,7556.8975
7343.895507812499,7640.455
7271.2080078125,7400.18
8197.689453125002,7121.9707
7978.30908203125,7228.1675
7963.327636718752,7352.1904
7680.066406250001,7452.051
7881.8466796875,7402.353
7987.371582031251,7401.7285
8052.543945312501,7447.4893
8673.2158203125,7510.8247
8805.778320312502,7762.7466
8719.961914062502,8038.577
